,,,,
,⭐,Really enjoyable/favs,Only bangers and/or perfect albums.,
,👍,Mostly enjoyable,"Good stuff, but just not my favorite, or just not a perfect album.",
,👎,Mostly sucks,Probably means the singer is bad.,
,❌,Trash,Actual torture to get through.,
#,Rating,Album,Artist,Year
1,👍,In The Wee Small Hours,Frank Sinatra,1955
2,👍,Elvis Presley (self titled),Elvis Presley,1956
3,👍,Tragic Songs Of Life,The Louvin Brothers,1957
4,👍,The Wildest!,Louis Prima Featuring Keely Smith With Sam Butera And The Witnesses,1956
5,👍,This Is Fats Domino!,Fats Domino,1956
6,👍,Ellington At Newport,Duke Ellington And His Orchestra,1956
7,👍,Songs For Swingin' Lovers!,Frank Sinatra,1956
8,👍,"The Chirping"" Crickets""",The Crickets (2),1957
9,👍,The Atomic Mr. Basie,Count Basie Orchestra,1958
10,👍,Brilliant Corners,Thelonious Monk,1957
11,👍,Palo Congo,Sabu,1957
12,👍,Birth Of The Cool,Miles Davis,1957
13,👍,Kenya (Afro Cuban Jazz),Machito,1958
14,👍,Here's Little Richard,Little Richard,1957
15,👍,Dance Mania,Tito Puente And His Orchestra,1958
16,👍,Lady In Satin,Billie Holiday With Ray Ellis And His Orchestra,1958
17,👍,Jack Takes The Floor,Jack Elliott,1958
18,👍,Sarah Vaughan At Mister Kelly's,Sarah Vaughan And Her Trio,1958
19,✓,Ella Fitzgerald Sings The George And Ira Gershwin Song Books,Ella Fitzgerald,1959
20,✓,The Genius Of Ray Charles,Ray Charles,1959
21,⭐,Kind Of Blue,Miles Davis,1959
22,✓,Gunfighter Ballads And Trail Songs,Marty Robbins,1959
23,⭐,Time Out,The Dave Brubeck Quartet,1959
24,⭐,Joan Baez (self titled),Joan Baez,1960
25,✓,Elvis Is Back!,Elvis Presley,1960
26,✓,Miriam Makeba (self titled),Miriam Makeba,1960
27,✓,A Date With The Everly Brothers,The Everly Brothers,1960
28,✓,Back At The Chicken Shack,The Incredible Jimmy Smith,1963
29,✓,Muddy Waters At Newport 1960,Muddy Waters,1960
30,✓,Sunday At The Village Vanguard,Bill Evans Trio* Featuring Scott La Faro,1961
31,✓,Modern Sounds In Country And Western Music,Ray Charles,1962
32,✓,Green Onions,Booker T. & The M.G.s,1962
33,✓,Jazz Samba,Stan Getz / Charlie Byrd,1962
34,✓,Night Life,Ray Price,1963
35,⭐,With The Beatles,The Beatles,1963
36,✓,The Freewheelin' Bob Dylan,Bob Dylan,1963
37,👍,A Christmas Gift For You From Philles Records,Various,1963
38,✓,"Live At The Harlem Square Club, 1963",Sam Cooke,1985
39,✓,The Black Saint And The Sinner Lady,Mingus,1963
40,✓,The James Brown Show (Live At The Apollo),James Brown,1963
41,✓,Getz / Gilberto,Stan Getz & Joao Gilberto,1964
42,⭐,A Hard Day's Night,The Beatles,1964
43,✓,Olympia 64,Jacques Brel,1964
44,✓,Rock 'N Soul,Solomon Burke,1964
45,✓,A Girl Called Dusty,Dusty Springfield,1964
46,✓,The Rolling Stones (self titled),The Rolling Stones,1964
47,✓,I've Got A Tiger By The Tail,Buck Owens And His Buckaroos,1965
48,✓,"Live At The Star-Club, Hamburg",Jerry Lee Lewis,1964
49,✓,Here Are The Sonics!!!,The Sonics,1965
50,✓,Bringing It All Back Home,Bob Dylan,1965
51,✓,Otis Blue / Otis Redding Sings Soul,Otis Redding,1965
52,✓,The Beach Boys Today!,The Beach Boys,1965
53,⭐,A Love Supreme,John Coltrane,1965
54,⭐,Live At The Regal,B.B. King,1965
55,⭐,Rubber Soul,The Beatles,1965
56,✓,Bert Jansch (self titled),Bert Jansch,1965
57,✓,Mr. Tambourine Man,The Byrds,1965
58,✓,Highway 61 Revisited,Bob Dylan,1965
59,✓,My Generation,The Who,1965
60,⭐,Revolver,The Beatles,1966
61,⭐,Pet Sounds,The Beach Boys,1966
62,✓,Fred Neil (self titled),Fred Neil,1966
63,✓,Fifth Dimension,The Byrds,1966
64,⭐,Blonde On Blonde,Bob Dylan,1966
65,✓,Black Monk Time,Monks,1966
66,✓,Face To Face,The Kinks,1966
67,👍,If You Can Believe Your Eyes And Ears,The Mama's And The Papa's,1966
68,✓,Midnight Ride,Paul Revere & The Raiders,1966
69,✓,Freak Out!,The Mothers Of Invention,1966
70,✓,Aftermath,The Rolling Stones,1966
71,✓,"Parsley, Sage, Rosemary And Thyme",Simon And Garfunkel,1966
72,✓,The Psychedelic Sounds Of The 13th Floor Elevators,The 13th Floor Elevators,1966
73,👍,Blues Breakers,John Mayall With Eric Clapton,1966
74,✓,Yardbirds (self titled),Yardbirds,1966
75,✓,Wild Is The Wind,Nina Simone,1966
76,✓,Beach Samba,Astrud Gilberto,1967
77,✓,Chelsea Girl,Nico (3),1967
78,⭐,Sgt. Pepper's Lonely Hearts Club Band,The Beatles,1967
79,✓,Electric Music For The Mind And Body,Country Joe & The Fish,1967
80,✓,Buffalo Springfield Again,Buffalo Springfield,1967
81,✓,Safe As Milk,Captain Beefheart And His Magic Band,1967
82,✓,Moby Grape (self titled),Moby Grape,1967
83,✓,Da Capo,Love,1967
84,✓,Triangle,The Beau Brummels,1967
85,✓,Headquarters,The Monkees,1967
86,✓,Goodbye And Hello,Tim Buckley,1967
87,✓,Forever Changes,Love,1967
88,✓,Disraeli Gears,Cream (2),1967
89,✓,The Piper At The Gates Of Dawn,Pink Floyd,1967
90,✓,The Who Sell Out,The Who,1967
91,⭐,The Velvet Underground & Nico,The Velvet Underground & Nico (3),1967
92,✓,Francis Albert Sinatra & Antonio Carlos Jobim,Francis Albert Sinatra* & Antonio Carlos Jobim,1967
93,⭐,The Doors (self titled),The Doors,1967
94,✓,Younger Than Yesterday,The Byrds,1967
95,✓,Groovin',The Young Rascals,1967
96,✓,Surrealistic Pillow,Jefferson Airplane,1967
97,✓,Something Else By The Kinks,The Kinks,1967
98,⭐,Sunshine Superman,Donovan,1966
99,✓,I'm A Lonesome Fugitive,Merle Haggard And The Strangers (5),1967
100,⭐,Are You Experienced,The Jimi Hendrix Experience,1967
101,✓,The Electric Prunes (self titled),The Electric Prunes,1967
102,✓,Don't Come Home A Drinkin' (With Lovin' On Your Mind),Loretta Lynn,1967
103,✓,Hariprasad Chaurasia,Shivkumar Sharma,1968
104,✓,White Light/White Heat,The Velvet Underground,1968
105,⭐,Axis: Bold As Love,The Jimi Hendrix Experience,1967
106,✓,I Never Loved A Man The Way I Love You,Aretha Franklin,1967
107,⭐,Beggars Banquet,Rolling Stones,1968
108,✓,Traffic (self titled),Traffic,1968
109,✓,The Hangman's Beautiful Daughter,The Incredible String Band,1968
110,✓,The Kinks Are The Village Green Preservation Society,The Kinks,1968
111,✓,The Sounds Of India,Ravi Shankar,1958
112,✓,Os Mutantes (self titled),Os Mutantes,1968
113,⭐,Electric Ladyland,The Jimi Hendrix Experience,1968
114,✓,Songs Of Leonard Cohen,Leonard Cohen,1968
115,⭐,At Folsom Prison,Johnny Cash,1968
116,✓,Eli And The Thirteenth Confession,Laura Nyro,1968
117,⭐,Lady Soul,Aretha Franklin,1968
118,✓,Vincebus Eruptum,Blue Cheer,1968
119,✓,The Notorious Byrd Brothers,The Byrds,1968
120,⭐,Cheap Thrills,Big Brother & The Holding Company,1968
121,✓,The United States Of America (self titled),The United States Of America,1968
122,✓,Gris-Gris,"Dr. John, The Night Tripper",1968
123,✓,In-A-Gadda-Da-Vida,Iron Butterfly,1968
124,✓,S.F. Sorrow,Pretty Things,1968
125,✓,Bookends,Simon & Garfunkel,1968
126,✓,Ogdens' Nut Gone Flake,Small Faces,1968
127,✓,Music From Big Pink,The Band,1968
128,⭐,Truth,Jeff Beck,1968
129,✓,Caetano Veloso (self titled),Caetano Veloso,1968
130,✓,Scott 2,Scott Walker,1968
131,✓,Odessey And Oracle,The Zombies,1968
132,✓,Astral Weeks,Van Morrison,1968
133,✓,Sweetheart Of The Rodeo,The Byrds,1968
134,⭐,The Beatles (White Album),The Beatles,1968
135,✓,We're Only In It For The Money,The Mothers Of Invention,1968
136,⭐,Everybody Knows This Is Nowhere,Neil Young With Crazy Horse,1969
137,✓,Trout Mask Replica,Captain Beefheart & His Magic Band,1969
138,⭐,Bayou Country,Creedence Clearwater Revival,1969
139,✓,"Crosby, Stills & Nash (self titled)","Crosby, Stills & Nash",1969
140,✓,"Blood, Sweat And Tears (self titled)","Blood, Sweat And Tears",1969
141,⭐,The Gilded Palace Of Sin,The Flying Burrito Bros,1969
142,✓,Johnny Cash At San Quentin,Johnny Cash,1969
143,⭐,Green River,Creedence Clearwater Revival,1969
144,⭐,Abbey Road,The Beatles,1969
145,✓,Tommy,The Who,1969
146,✓,In A Silent Way,Miles Davis,1969
147,✓,Odessa,Bee Gees,1969
148,✓,Basket Of Light,The Pentangle,1969
149,⭐,Let It Bleed,Rolling Stones,1969
150,⭐,Five Leaves Left,Nick Drake,1969
151,✓,Dusty In Memphis,Dusty Springfield,1969
152,⭐,From Elvis In Memphis,Elvis Presley,1969
153,⭐,The Velvet Underground (self titled),The Velvet Underground,1969
154,✓,Happy Trails,Quicksilver Messenger Service,1969
155,⭐,Led Zeppelin (self titled),Led Zeppelin,1969
156,⭐,The Band (self titled),The Band,1969
157,⭐,Led Zeppelin II,Led Zeppelin,1969
158,✓,Kick Out The Jams,MC5,1969
159,✓,Cloud Nine,The Temptations,1969
160,✓,Stand!,Sly And The Family Stone,1969
161,✓,Happy Sad,Tim Buckley,1969
162,⭐,Chicago Transit Authority (self titled),Chicago Transit Authority,1969
163,✓,Unhalfbricking,Fairport Convention,1969
164,✓,Elephant Mountain,The Youngbloods,1969
165,⭐,Hot Buttered Soul,Isaac Hayes,1969
166,⭐,Live/Dead,The Grateful Dead,1969
167,✓,Arthur Or The Decline And Fall Of The British Empire,The Kinks,1969
168,⭐,In The Court Of The Crimson King (An Observation By King Crimson),King Crimson,1969
169,✓,Songs From A Room,Leonard Cohen,1969
170,✓,Liege & Lief,Fairport Convention,1969
171,✓,Scott 4,Scott Engel,1969
172,✓,The Stooges (self titled),The Stooges,1969
173,✓,Oar,Alexander Spence,1969
174,⭐,Hot Rats,Frank Zappa,1969
175,⭐,Cosmo's Factory,Creedence Clearwater Revival,1970
176,⭐,Layla And Other Assorted Love Songs,Derek And The Dominos,1970
177,✓,Bitches Brew,Miles Davis,1970
178,✓,Twelve Dreams Of Dr. Sardonicus,Spirit (8),1970
179,⭐,Black Sabbath (self titled),Black Sabbath,1970
180,⭐,Morrison Hotel,The Doors,1970
181,✓,Close To You,Carpenters,1970
182,✓,Stephen Stills (self titled),Stephen Stills,1970
183,⭐,John Lennon / Plastic Ono Band (self titled),John Lennon / Plastic Ono Band,1970
184,⭐,Déjà Vu,"Crosby, Stills, Nash & Young",1970
185,⭐,Paranoid,Black Sabbath,1970
186,⭐,After The Gold Rush,Neil Young,1970
187,⭐,Led Zeppelin III,Led Zeppelin,1970
188,✓,Deep Purple In Rock,Deep Purple,1970
189,✓,Moondance,Van Morrison,1970
190,⭐,American Beauty,Grateful Dead,1970
191,⭐,Bryter Layter,Nick Drake,1971
192,✓,Ananda Shankar (self titled),Ananda Shankar,1970
193,✓,Live At Leeds,The Who,1970
194,✓,Third,Soft Machine,1970
195,✓,Gasoline Alley,Rod Stewart,1970
196,✓,All Things Must Pass,George Harrison,1970
197,⭐,Bridge Over Troubled Water,Simon And Garfunkel,1970
198,⭐,Tea For The Tillerman,Cat Stevens,1970
199,⭐,John Barleycorn Must Die,Traffic,1970
200,⭐,Fun House,The Stooges,1970
201,⭐,Sweet Baby James,James Taylor (2),1970
202,✓,McCartney (self titled),McCartney,1970
203,⭐,Abraxas,Santana,1970
204,✓,The Madcap Laughs,Syd Barrett,1970
205,⭐,Aqualung,Jethro Tull,1971
206,⭐,If I Could Only Remember My Name,David Crosby,1971
207,✓,There's A Riot Goin' On,Sly & The Family Stone,1971
208,⭐,What's Going On,Marvin Gaye,1971
209,⭐,The Yes Album,Yes,1971
210,✓,Trafalgar,Bee Gees,1971
211,⭐,Who's Next,The Who,1971
212,⭐,Tapestry,Carole King,1971
213,⭐,Shaft,Isaac Hayes,1971
214,⭐,The Allman Brothers Band At Fillmore East,The Allman Brothers Band,1971
215,⭐,Sticky Fingers,The Rolling Stones,1971
216,⭐,Imagine,John Lennon,1971
217,✓,Surf's Up,The Beach Boys,1971
218,⭐,Fragile,Yes,1971
219,⭐,L.A. Woman,Doors,1971
220,✓,Tago Mago,Can,1971
221,⭐,Madman Across The Water,Elton John,1971
222,✓,Coat Of Many Colors,Dolly Parton,1971
223,✓,American Pie,Don McLean,1971
224,✓,Tarkus,"Emerson, Lake & Palmer",1971
225,⭐,Untitled,Led Zeppelin,1971
226,✓,Histoire De Melody Nelson,Serge Gainsbourg,1971
227,✓,Every Picture Tells A Story,Rod Stewart,1971
228,✓,Pictures At An Exhibition,"Emerson, Lake & Palmer",1971
229,✓,Songs Of Love And Hate,Leonard Cohen,1971
230,✓,Blue,Joni Mitchell,1971
231,✓,Maggot Brain,Funkadelic,1971
232,⭐,Pearl,Janis Joplin,1971
233,✓,Live!,Fela Ransome—Kuti* And The Africa '70* With Ginger Baker,1972
234,⭐,A Nod Is As Good As A Wink...To A Blind Horse,Faces (3),1971
235,✓,Teenage Head,The Flamin' Groovies,1971
236,✓,White Light,Gene Clark,1971
237,⭐,John Prine (self titled),John Prine,1971
238,✓,Nilsson Schmilsson,Nilsson,1971
239,✓,Electric Warrior,T. Rex,1971
240,⭐,Hunky Dory,David Bowie,1971
241,✓,Sail Away,Randy Newman,1972
242,⭐,Machine Head,Deep Purple,1972
243,✓,#1 Record,Big Star,1972
244,⭐,Black Sabbath Vol 4,Black Sabbath,1972
245,⭐,Can't Buy A Thrill,Steely Dan,1972
246,⭐,Harvest,Neil Young,1972
247,✓,Super Fly (The Original Motion Picture Soundtrack),Curtis Mayfield,1972
248,✓,Slayed?,Slade,1972
249,✓,Made In Japan,Deep Purple,1972
250,⭐,Close To The Edge,Yes,1972
251,⭐,Transformer,Lou Reed,1972
252,✓,Home Is Where The Music Is,Hugh Masekela,1972
253,✓,Clube Da Esquina,Milton Nascimento & Lô Borges,1972
254,✓,Something / Anything?,Todd Rundgren,1972
255,✓,Will The Circle Be Unbroken,Nitty Gritty Dirt Band,1972
256,⭐,Talking Book,Stevie Wonder,1972
257,⭐,Manassas,Stephen Stills,1972
258,✓,The Slider,T. Rex,1972
259,✓,American Gothic,David Ackles,1972
260,⭐,Eagles (self titled),Eagles,1972
261,✓,Greetings From L.A.,Tim Buckley,1972
262,⭐,Pink Moon,Nick Drake,1972
263,⭐,Paul Simon (self titled),Paul Simon,1972
264,✓,Roxy Music (self titled),Roxy Music,1972
265,⭐,School's Out,Alice Cooper,1972
266,⭐,All Directions,The Temptations,1972
267,⭐,The Rise And Fall Of Ziggy Stardust And The Spiders From Mars,David Bowie,1972
268,⭐,The World Is A Ghetto,War,1972
269,⭐,Let's Stay Together,Al Green,1972
270,⭐,Exile On Main St.,Rolling Stones,1972
271,⭐,(Pronounced 'Lĕh-'nérd 'Skin-'nérd),Lynyrd Skynyrd,1973
272,✓,Bongo Rock,Michael Viner's Incredible Bongo Band,1973
273,⭐,Aladdin Sane,David Bowie,1973
274,✓,Larks' Tongues In Aspic,King Crimson,1973
275,⭐,Catch A Fire,The Wailers,1973
276,✓,Space Ritual,Hawkwind,1973
277,✓,Paris 1919,John Cale,1973
278,✓,Future Days,Can,1973
279,✓,Berlin,Lou Reed,1973
280,⭐,Selling England By The Pound,Genesis,1973
281,⭐,Let's Get It On,Marvin Gaye,1973
282,✓,Solid Air,John Martyn,1973
283,✓,For Your Pleasure,Roxy Music,1973
284,✓,Faust IV,Faust,1973
285,⭐,Head Hunters,Herbie Hancock,1973
286,✓,Mott,Mott The Hoople,1973
287,✓,Tubular Bells,Mike Oldfield,1973
288,✓,"A Wizard, A True Star",Todd Rundgren,1973
289,⭐,Goodbye Yellow Brick Road,Elton John,1973
290,⭐,Countdown To Ecstasy,Steely Dan,1973
291,✓,Honky Tonk Heroes,Waylon Jennings,1973
292,⭐,The Dark Side Of The Moon,Pink Floyd,1973
293,⭐,Innervisions,Stevie Wonder,1973
294,⭐,Tres Hombres,ZZ Top,1973
295,✓,Band On The Run,Paul McCartney & Wings,1973
296,✓,Next…,The Sensational Alex Harvey Band,1973
297,⭐,Billion Dollar Babies,Alice Cooper,1973
298,✓,Raw Power,Iggy And The Stooges,1973
299,⭐,3 + 3,The Isley Brothers,1973
300,✓,New York Dolls (self titled),New York Dolls,1973
301,✓,Here Come The Warm Jets,Eno,1974
302,⭐,Bad Co,Bad Company (3),1974
303,⭐,The Lamb Lies Down On Broadway,Genesis,1974
304,⭐,Inspiration Information,Shuggie Otis,1974
305,⭐,Fulfillingness' First Finale,Stevie Wonder,1974
306,⭐,461 Ocean Boulevard,Eric Clapton,1974
307,✓,Autobahn,Kraftwerk,1974
308,⭐,It's Too Late To Stop Now,Van Morrison,1974
309,⭐,Court And Spark,Joni Mitchell,1974
310,⭐,Queen II,Queen,1974
311,✓,Country Life,Roxy Music,1974
312,✓,Phaedra,Tangerine Dream,1974
313,✓,Kimono My House,Sparks,1974
314,⭐,Crime Of The Century,Supertramp,1974
315,✓,I Want To See The Bright Lights Tonight,Richard And Linda Thompson,1974
316,✓,Winter In America,Gil Scott-Heron / Brian Jackson,1974
317,⭐,Sheer Heart Attack,Queen,1974
318,✓,Sheet Music,10cc,1974
319,⭐,On The Beach,Neil Young,1974
320,✓,The Grand Tour,George Jones (2),1974
321,✓,No Other,Gene Clark,1974
322,⭐,Pretzel Logic,Steely Dan,1974
323,✓,Good Old Boys,Randy Newman,1974
324,⭐,Natty Dread,Bob Marley & The Wailers,1975
325,✓,Rock Bottom,Robert Wyatt,1974
326,⭐,Grievous Angel,Gram Parsons,1974
327,✓,Another Green World,Eno,1975
328,✓,Go Girl Crazy!,The Dictators,1975
329,✓,Neu! '75,Neu!,1975
330,⭐,Physical Graffiti,Led Zeppelin,1975
331,✓,The Köln Concert,Keith Jarrett,1975
332,⭐,Toys In The Attic,Aerosmith,1975
333,⭐,Young Americans,David Bowie,1975
334,⭐,Marcus Garvey,Burning Spear,1975
335,⭐,Born To Run,Bruce Springsteen,1975
336,✓,Pieces Of The Sky,Emmylou Harris,1975
337,✓,Born To Be With You,Dion (3),1975
338,⭐,The Hissing Of Summer Lawns,Joni Mitchell,1975
339,✓,Nighthawks At The Diner,Tom Waits,1975
340,✓,Shalimar,R. D. Burman,1978
341,⭐,Tonight's The Night,Neil Young,1975
342,⭐,Blood On The Tracks,Bob Dylan,1975
343,✓,Horses,Patti Smith,1975
344,⭐,Wish You Were Here,Pink Floyd,1975
345,⭐,A Night At The Opera,Queen,1975
346,✓,Red Headed Stranger,Willie Nelson,1975
347,⭐,That's The Way Of The World,"Earth, Wind & Fire",1975
348,⭐,There's No Place Like America Today,Curtis Mayfield,1975
349,⭐,Tom Petty And The Heartbreakers (self titled),Tom Petty And The Heartbreakers,1976
350,✓,The Modern Lovers (self titled),The Modern Lovers,1976
351,👍,Station To Station,David Bowie,1976
352,⭐,Hejira,Joni Mitchell,1976
353,⭐,Boston (self titled),Boston,1976
354,⭐,Hotel California,Hotel California,
355,✓,Arrival,ABBA,1976
356,⭐,Destroyer,Kiss,1976
357,⭐,2112,Rush,1976
358,✓,África Brasil,Jorge Ben,1976
359,✓,Joan Armatrading (self titled),Joan Armatrading,1976
360,⭐,"Rocks""",Aerosmith,1976
361,⭐,Mothership Connection,Parliament,1975
362,✓,Performed By Members Of The Penguin Café Orchestra*,Simon Jeffes,1976
363,✓,Oxygène,Jean Michel Jarre,1976
364,✓,Ramones (self titled),Ramones,1976
365,✓,Zombie,Fẹla* And Afrika 70,1977
366,⭐,Legalize It,Peter Tosh,1976
367,⭐,Songs In The Key Of Life,Stevie Wonder,1976
368,⭐,Frampton Comes Alive!,Peter Frampton,1976
369,✓,Before And After Science,Brian Eno,1977
370,✓,Trans Europa Express,Kraftwerk,1977
371,⭐,The Stranger,Billy Joel,1977
372,⭐,Exodus,Bob Marley & The Wailers,1977
373,⭐,Out Of The Blue,Electric Light Orchestra,1977
374,✓,Heavy Weather,Weather Report,1977
375,✓,Hard Again,Muddy Waters,1977
376,✓,Stranglers IV (Rattus Norvegicus),The Stranglers,1977
377,⭐,The Clash (self titled),The Clash,1977
378,✓,Low,David Bowie,1977
379,⭐,Aja,Steely Dan,1977
380,✓,Pink Flag,Wire,1977
381,✓,One World,John Martyn,1977
382,⭐,Talking Heads: 77,Talking Heads,1977
383,⭐,Rumours,Fleetwood Mac,1977
384,⭐,"Heroes""",David Bowie,1977
385,✓,Pacific Ocean Blue,Dennis Wilson (2),1977
386,✓,Suicide (self titled),Suicide,1977
387,✓,The Idiot,Iggy Pop,1977
388,✓,Peter Gabriel (self titled),Peter Gabriel,1977
389,✓,Marquee Moon,Television,1977
390,✓,Bat Out Of Hell,Meat Loaf,1977
391,✓,My Aim Is True,Elvis Costello,1977
392,⭐,Lust For Life,Iggy Pop,1977
393,✓,New Boots And Panties!!,Ian Dury,1977
394,⭐,Never Mind The Bollocks Here's The Sex Pistols,Sex Pistols,1977
395,✓,The Modern Dance,Pere Ubu,1978
396,✓,Die Mensch·Maschine,Kraftwerk,1978
397,✓,Parallel Lines,Blondie,1978
398,✓,Elis,Elis Regina,1980
399,✓,Dub Housing,Pere Ubu,1978
400,✓,The Only Ones (self titled),The Only Ones,1978
401,⭐,This Year's Model,Elvis Costello,1978
402,✓,All Mod Cons,The Jam,1978
403,✓,Honky Tonk Masquerade,Joe Ely,1978
404,✓,Crossing The Red Sea With The Adverts,The Adverts,1978
405,✓,3rd,Big Star,1978
406,✓,Duck Stab / Buster & Glen,The Residents,1978
407,✓,Public Image (First Issue),Public Image,1978
408,✓,Real Life,Magazine,1978
409,⭐,Darkness On The Edge Of Town,Bruce Springsteen,1978
410,⭐,One Nation Under A Groove,Funkadelic,1978
411,✓,D.o.A. The Third And Final Report,Throbbing Gristle,1978
412,⭐,Live And Dangerous,Thin Lizzy,1978
413,⭐,More Songs About Buildings And Food,Talking Heads,1978
414,✓,Another Music In A Different Kitchen,Buzzcocks,1978
415,⭐,Van Halen (self titled),Van Halen,1978
416,✓,Siembra,Willie Colon* & Ruben Blades,1978
417,⭐,The Cars (self titled),The Cars,1978
418,✓,Q: Are We Not Men? A: We Are Devo!,Devo,1978
419,⭐,Dire Straits (self titled),Dire Straits,1978
420,✓,Eternally Yours,The Saints (2),1978
421,⭐,Here,"My Dear.""",Marvin Gaye
422,⭐,Stardust,Willie Nelson,1978
423,✓,C'est Chic,Chic,1978
424,✓,Germfree Adolescents,X-Ray Spex,1978
425,✓,Ambient 1 (Music For Airports),Brian Eno,1979
426,✓,The Scream,Siouxsie And The Banshees,1978
427,⭐,Highway To Hell,AC/DC,1979
428,✓,We Are Family,Sister Sledge,1979
429,⭐,Street Life,Crusaders,1979
430,✓,(GI),Germs,1979
431,✓,The B-52's (self titled),The B-52's,1979
432,✓,Movies,Holger Czukay,1979
433,⭐,Reggatta De Blanc,The Police,1979
434,✓,Live At The Witch Trials,The Fall,1979
435,⭐,Fear Of Music,Talking Heads,1979
436,✓,Unknown Pleasures,Joy Division,1979
437,✓,Risqué,Chic,1979
438,✓,The Undertones (self titled),The Undertones,1979
439,⭐,London Calling,The Clash,1979
440,✓,Quiet Life,Japan,1979
441,✓,Broken English,Marianne Faithfull,1979
442,✓,Cut,The Slits,1979
443,✓,Armed Forces,Elvis Costello And The Attractions,1979
444,⭐,Rust Never Sleeps,Neil Young & Crazy Horse,1979
445,✓,Entertainment!,Gang Of Four,1979
446,✓,Cheap Trick At Budokan = チープ・トリック at 武道館,Cheap Trick = チープ・トリック,1978
447,✓,Tusk,Fleetwood Mac,1979
448,⭐,The Wall,Pink Floyd,1979
449,✓,Metal Box,PiL,1979
450,✓,Off The Wall,Michael Jackson,1979
451,✓,Machine Gun Etiquette,The Damned,1979
452,✓,The Pleasure Principle,Gary Numan,1979
453,✓,Specials (self titled),Specials,1979
454,✓,Kings Of The Wild Frontier,Adam And The Ants,1980
455,✓,Searching For The Young Soul Rebels,Dexys Midnight Runners,1980
456,⭐,Back In Black,AC/DC,1980
457,✓,Songs The Lord Taught Us,The Cramps,1980
458,⭐,Fresh Fruit For Rotting Vegetables,Dead Kennedys,1980
459,✓,Peter Gabriel (self titled),Peter Gabriel,1980
460,✓,Underwater Moonlight,The Soft Boys,1980
461,✓,Seventeen Seconds,The Cure,1980
462,✓,Crocodiles,Echo And The Bunnymen,1980
463,⭐,Ace Of Spades,Motörhead,1980
464,✓,Killing Joke (self titled),Killing Joke,1980
465,⭐,British Steel,Judas Priest,1980
466,✓,Group Sex,Circle Jerks,1980
467,⭐,Remain In Light,Talking Heads,1980
468,✓,Closer,Joy Division,1980
469,⭐,Iron Maiden (self titled),Iron Maiden,1980
470,✓,Hypnotised,The Undertones,1980
471,✓,Sound Affects,The Jam,1980
472,⭐,Heartattack And Vine,Tom Waits,1980
473,✓,Signing Off,UB40,1980
474,✓,Kilimanjaro,The Teardrop Explodes,1980
475,✓,More Specials,The Specials,1980
476,⭐,Arc Of A Diver,Steve Winwood,1980
477,✓,Pretenders (self titled),Pretenders,1980
478,✓,Kollaps,Einstürzende Neubauten,1981
479,✓,Juju,Siouxsie And The Banshees,1981
480,✓,Penthouse And Pavement,Heaven 17,1981
481,✓,Beauty And The Beat,Go-Go's,1981
482,✓,No Sleep 'Til Hammersmith,Motörhead,1981
483,✓,Non-Stop Erotic Cabaret,Soft Cell,1981
484,✓,Architecture & Morality,Orchestral Manoeuvres In The Dark,1981
485,✓,David Byrne,Brian Eno,1981
486,✓,Damaged,Black Flag,1981
487,✓,Wild Gift,X (5),1981
488,✓,Talk Talk Talk,The Psychedelic Furs,1981
489,✓,Dare,The Human League,1981
490,✓,Fire Of Love,The Gun Club,1981
491,✓,Mask,Bauhaus,1981
492,⭐,The Poet,Bobby Womack,1981
493,✓,Tom Tom Club (self titled),Tom Tom Club,1981
494,⭐,Moving Pictures,Rush,1981
495,✓,The Visitors,ABBA,1981
496,✓,The Lexicon Of Love,ABC,1982
497,✓,1999,Prince,1982
498,✓,The Message,Grandmaster Flash & The Furious Five,1982
499,✓,Imperial Bedroom,Elvis Costello And The Attractions,1982
500,✓,Pornography,The Cure,1982
501,✓,Too-Rye-Ay,Kevin Rowland & Dexys Midnight Runners,1982
502,✓,New Gold Dream (81-82-83-84),Simple Minds,1982
503,✓,The Rise & Fall,Madness,1982
504,⭐,The Nightfly,Donald Fagen,1982
505,⭐,Pelican West,Haircut One Hundred,1982
506,✓,The Dreaming,Kate Bush,1982
507,✓,Rip It Up,Orange Juice (3),1982
508,⭐,Thriller,Michael Jackson,1982
509,✓,Junkyard,The Birthday Party,1982
510,✓,Black Metal,Venom (8),1982
511,✓,Nebraska,Bruce Springsteen,1982
512,✓,Sulk,Associates,1982
513,⭐,The Number Of The Beast,Iron Maiden,1982
514,✓,Rio,Duran Duran,1982
515,✓,Violent Femmes (self titled),Violent Femmes,1983
516,✓,Duck Rock,Malcolm McLaren,1983
517,✓,Pyromania,Def Leppard,1983
518,✓,Murmur,R.E.M.,1983
519,✓,Soul Mining,The The,1983
520,✓,Swordfishtrombones,Tom Waits,1983
521,✓,A Walk Across The Rooftops,The Blue Nile,1983
522,✓,Back To Mystery City,Hanoi Rocks,1983
523,✓,She's So Unusual,Cyndi Lauper,1983
524,✓,Hearts And Bones,Paul Simon,1983
525,✓,Porcupine,Echo & The Bunnymen,1983
526,⭐,Eliminator,ZZ Top,1983
527,✓,Sweet Dreams (Are Made Of This),Eurythmics,1983
528,✓,War,U2,1983
529,⭐,Synchronicity,The Police,1983
530,⭐,Meat Puppets II,Meat Puppets,1984
531,✓,Colour By Numbers,Culture Club,1983
532,✓,Welcome To The Pleasuredome,Frankie Goes To Hollywood,1984
533,✓,Run-D.M.C. (self titled),Run-D.M.C.,1984
534,⭐,Diamond Life,Sade,1984
535,✓,Treasure,Cocteau Twins,1984
536,⭐,Out Of Step,Minor Threat,1983
537,⭐,1984,Van Halen,1984
538,✓,Purple Rain,Prince And The Revolution,1984
539,✓,Let It Be,The Replacements,1984
540,✓,Café Bleu,The Style Council,1984
541,⭐,Private Dancer,Tina Turner,1984
542,✓,Ocean Rain,Echo & The Bunnymen,1984
543,✓,Double Nickels On The Dime,Minutemen,1984
544,✓,Rattlesnakes,Lloyd Cole And The Commotions,1984
545,✓,Immigrés / Bitim Rew,Youssou Ndour* & Le Super Etoile De Dakar,1988
546,⭐,Born In The U.S.A.,Bruce Springsteen,1984
547,✓,This Nation's Saving Grace,The Fall,1985
548,✓,Water From An Ancient Well,Abdullah Ibrahim,1986
549,✓,Hunting High And Low,a-ha,1985
550,✓,Songs From The Big Chair,Tears For Fears,1985
551,⭐,Brothers In Arms,Dire Straits,1985
552,✓,Steve McQueen,Prefab Sprout,1985
553,✓,Fear And Whiskey,Mekons,1985
554,✓,Atomizer,Big Black,1986
555,⭐,Suzanne Vega (self titled),Suzanne Vega,1985
556,✓,Rum Sodomy & The Lash,The Pogues,1985
557,✓,Hounds Of Love,Kate Bush,1985
558,✓,Meat Is Murder,The Smiths,1985
559,⭐,Rain Dogs,Tom Waits,1985
560,✓,Psychocandy,The Jesus And Mary Chain,1985
561,✓,Low-life,New Order,1985
562,✓,Picture Book,Simply Red,1985
563,✓,Don't Stand Me Down,Dexys Midnight Runners,1985
564,✓,Cupid & Psyche 85,Scritti Politti,1985
565,✓,Blood & Chocolate,Elvis Costello And The Attractions,1986
566,✓,Planet Rock,Afrika Bambaataa & Soulsonic Force,1986
567,✓,Licensed To Ill,Beastie Boys,1986
568,⭐,Master Of Puppets,Metallica,1986
569,✓,Infected,The The,1986
570,⭐,Last Of The True Believers,Nanci Griffith,1986
571,✓,Talking With The Taxman About Poetry,Billy Bragg,1986
572,✓,The Colour Of Spring,Talk Talk,1986
573,⭐,Peace Sells... But Who's Buying?,Megadeth,1986
574,✓,Slippery When Wet,Bon Jovi,1986
575,✓,Evol,Sonic Youth,1986
576,⭐,Reign In Blood,Slayer,1986
577,⭐,Throwing Muses (self titled),Throwing Muses,1986
578,⭐,Graceland,Paul Simon,1986
579,✓,Raising Hell,Run DMC,1986
580,✓,Skylarking,XTC,1986
581,✓,Guitar Town,Steve Earle,1986
582,✓,I Against I,Bad Brains,1986
583,✓,Rapture,Anita Baker,1986
584,✓,The Queen Is Dead,The Smiths,1986
585,⭐,So,Peter Gabriel,1986
586,⭐,Among The Living,Anthrax,1987
587,⭐,You're Living All Over Me,Dinosaur,1987
588,⭐,Trio,"Dolly Parton, Linda Ronstadt, Emmylou Harris",1987
589,✓,Hysteria,Def Leppard,1987
590,⭐,Document,R.E.M.,1987
591,✓,"Sign O"" The Times""",Prince,1987
592,✓,Electric,The Cult,1987
593,✓,Music For The Masses,Depeche Mode,1987
594,✓,Floodland,The Sisters Of Mercy,1987
595,✓,Faith,George Michael,1987
596,✓,Warehouse: Songs And Stories,Hüsker Dü,1987
597,✓,Locust Abortion Technician,Butthole Surfers,1987
598,✓,The New Tango,Astor Piazzolla & Gary Burton,1987
599,✓,"Strangeways, Here We Come",The Smiths,1987
600,⭐,Appetite For Destruction,Guns N' Roses,1987
601,✓,Darklands,The Jesus And Mary Chain,1987
602,✓,Shaka Zulu,Ladysmith Black Mambazo,1987
603,✓,Opus Dei,Laibach,1987
604,✓,Scum,Napalm Death,1987
605,✓,Sister,The Sonic-Youth,1987
606,✓,Calenture,The Triffids,1988
607,✓,Bad,Michael Jackson,1987
608,✓,Actually,Pet Shop Boys,1987
609,✓,The Joshua Tree,U2,1987
610,✓,Introducing The Hardline According To Terence Trent D'Arby,Terence Trent D'Arby,1987
611,✓,If I Should Fall From Grace With God,The Pogues,1988
612,✓,I'm Your Man,Leonard Cohen,1988
613,⭐,Fisherman's Blues,The Waterboys,1988
614,⭐,Truth And Soul,Fishbone,1988
615,✓,Idlewild,Everything But The Girl,1988
616,⭐,Vivid,Living Colour,1988
617,✓,Superfuzz Bigmuff,Mudhoney,1988
618,✓,Green,R.E.M.,1988
619,✓,Bummed,Happy Mondays,1988
620,✓,16 Lovers Lane,The Go-Betweens,1988
621,✓,The Trinity Session,Cowboy Junkies,1988
622,👍,Tracy Chapman (self titled),Tracy Chapman,1988
623,✓,Isn't Anything,My Bloody Valentine,1988
624,✓,Surfer Rosa,Pixies,1988
625,⭐,...And Justice For All,Metallica,1988
626,⭐,Bug,Dinosaur Jr.,1988
627,✓,Tank Battles (The Songs Of Hanns Eisler),Dagmar Krause,1988
628,✓,Shadowland (The Owen Bradley Sessions),k.d. lang,1988
629,✓,California,American Music Club,1988
630,✓,Viva Hate,Morrissey,1988
631,✓,Daydream Nation,Sonic Youth,1988
632,✓,Life's Too Good,The Sugarcubes,1988
633,✓,Buenas Noches From A Lonely Room,Dwight Yoakam,1988
634,✓,Nothing's Shocking,Jane's Addiction,1988
635,✓,It Takes A Nation Of Millions To Hold Us Back,Public Enemy,1988
636,✓,The Real Thing,Faith No More,1989
637,✓,Let Love Rule,Lenny Kravitz,1989
638,✓,The Healer,John Lee Hooker,1989
639,✓,Technique,Neworder,1989
640,👎,Like A Prayer,Madonna,1989
641,👎,All Hail The Queen,Queen Latifah,1989
642,✓,Playing With Fire,Spacemen 3,1989
643,✓,fROMOHIO,fIREHOSE,1989
644,👎,Paul's Boutique,Beastie Boys,1989
645,✓,L'Eau Rouge,The Young Gods,1989
646,✓,Spy Vs. Spy—The Music Of Ornette Coleman,John Zorn,1989
647,✓,The Stone Roses (self titled),The Stone Roses,1989
648,✓,Raw Like Sushi,Neneh Cherry,1989
649,✓,Djam Leelii,Baaba Maal & Mansour Seck,1989
650,👎,The Sensual World,Kate Bush,1989
651,✓,Disintegration,The Cure,1989
652,✓,90,808 State,1989
653,✓,What's That Noise?,Coldcut,1989
654,✓,Moss Side Story,Barry Adamson,1989
655,⭐,Pump,Aerosmith,1989
656,👍,Doolittle,Pixies,1989
657,⭐,Nick Of Time,Bonnie Raitt,1989
658,👍,Repeater,Fugazi,1990
659,👍,Club Classics Vol. One,Soul II Soul,1989
660,👎,3 Feet High And Rising,De La Soul,1989
661,👎,Janet Jackson's Rhythm Nation 1814,Janet Jackson,1989
662,👍,Done By The Forces Of Nature,Jungle Brothers,1989
663,👍,Straight Outta Compton,N.W.A,1989
664,👍,Heaven Or Las Vegas,Cocteau Twins,1990
665,👎,En-Tact,Shamen,1990
666,👍,World Clique,Deee-Lite,1990
667,⭐,The La's (self titled),The La's,1990
668,⭐,Shake Your Money Maker,The Black Crowes,1990
669,👎,Violator,Depeche Mode,1990
670,👍,Bossanova,Pixies,1990
671,⭐,Rust In Peace,Megadeth,1990
672,👎,Sex Packets,Digital Underground,1990
673,👎,Behaviour,Pet Shop Boys,1990
674,👍,Pills 'N' Thrills And Bellyaches,Happy Mondays,1990
675,👎,Listen Without Prejudice Vol. 1,George Michael,1990
676,⭐,Ragged Glory,Neil Young + Crazy Horse,1990
677,👍,AmeriKKKa's Most Wanted,Ice Cube,1990
678,👍,Ritual De Lo Habitual,Jane's Addiction,1990
679,👍,Mama Said Knock You Out,L.L. Cool J,1990
680,👍,Fear Of A Black Planet,Public Enemy,1990
681,👍,I Do Not Want What I Haven't Got,Sinéad O'Connor,1990
682,👍,People's Instinctive Travels And The Paths Of Rhythm,A Tribe Called Quest,1990
683,👍,Goo,Sonic Youth,1990
684,👍,Nowhere,Ride,1990
685,👍,Loveless,My Bloody Valentine,1991
686,⭐,Nevermind,Nirvana,1991
687,👍,Woodface,Crowded House,1991
688,👍,Cypress Hill (self titled),Cypress Hill,1991
689,👍,Peggy Suicide,Julian Cope,1991
690,👍,Step In The Arena,Gang Starr,1990
691,👎,Qui Sème Le Vent Récolte Le Tempo,MC Solaar,1991
692,👍,Rising Above Bedlam,Jah Wobble's Invaders Of The Heart,1991
693,⭐,Blood Sugar Sex Magik,Red Hot Chili Peppers,1991
694,👍,O.G. Original Gangster,Ice-T,1991
695,👍,Every Good Boy Deserves Fudge,Mudhoney,1991
696,👍,Apocalypse 91... The Enemy Strikes Black,Public Enemy,1991
697,⭐,The Low End Theory,A Tribe Called Quest,1991
698,⭐,Ten,Pearl Jam,1991
699,👎,Foxbase Alpha,Saint Etienne,1991
700,👍,Arise,Sepultura,1991
701,👍,Spiderland,Slint,1991
702,👍,Achtung Baby,U2,1991
703,👎,The White Room,The KLF,1991
704,👎,Blue Lines,Massive,1991
705,👎,Screamadelica,Primal Scream,1991
706,👍,Bandwagonesque,Teenage Fanclub,1991
707,⭐,Metallica (Black Album),Metallica,1991
708,👎,Slanted And Enchanted,Pavement,1992
709,❌,Selected Ambient Works 85-92,Aphex Twin,1992
710,👎,"3 Years, 5 Months And 2 Days In The Life Of...",Arrested Development,1992
711,👍,"Haut De Gamme Tcha-Tcho ""Echelon Ngomba""",Koffi Olomidé,1992
712,👍,Your Arsenal,Morrissey,1992
713,👎,Lam Toro,Baaba Maal & Daande Lenõl,1992
714,👍,It's A Shame About Ray,Lemonheads,1992
715,⭐,Rage Against The Machine (self titled),Rage Against The Machine,1992
716,👎,Hypocrisy Is The Greatest Luxury,The Disposable Heroes Of Hiphoprisy,1992
717,👍,Ingénue,k.d. lang,1992
718,👎,The Chronic,Dr. Dre,1992
719,👍,Automatic For The People,R.E.M.,1992
720,👎,Bizarre Ride II The Pharcyde,The Pharcyde,1992
721,👎,Lazer Guided Melodies,Spiritualized,1992
722,👍,Copper Blue,Sugar (5),1992
723,👍,Bone Machine,Tom Waits,1992
724,👎,Dirty,Sonic Youth,1992
725,👎,Connected,Stereo MC's,1992
726,👎,ΚΕΦΑΛΗΞΘ,Ministry,1992
727,👍,Little Earthquakes,Tori Amos,1992
728,👎,The Predator,Ice Cube,1992
729,⭐,Vulgar Display Of Power,Pantera,1992
730,⭐,Dirt,Alice In Chains,1992
731,👎,Henry's Dream,Nick Cave & The Bad Seeds,1992
732,👎,Devotional And Love Songs,Nusrat Fateh Ali Khan & Party,1992
733,👎,Dry,P J Harvey,1992
734,👎,Suede (self titled),Suede,1993
735,👍,Wild Wood,Paul Weller,1993
736,⭐,Siamese Dream,The Smashing Pumpkins,1993
737,👍,New Wave,The Auteurs,1993
738,👎,Exile In Guyville,Liz Phair,1993
739,👍,Gentlemen,The Afghan Whigs,1993
740,⭐,Whatever,Aimee Mann,1993
741,👍,Fuzzy,Grant Lee Buffalo,1993
742,👍,In Utero,Nirvana,1993
743,⭐,Emergency On Planet Earth,Jamiroquai,1993
744,👎,Very,Pet Shop Boys,1993
745,👎,Rid Of Me,P J Harvey,1993
746,👍,Modern Life Is Rubbish,Blur,1993
747,👍,Tuesday Night Music Club,Sheryl Crow,1993
748,,The Infotainment Scan,The Fall,1993
749,⭐,Enter The Wu-Tang (36 Chambers),Wu-Tang Clan,1993
750,,Debut,Björk,1993
751,,Orbital (self titled),Orbital,1993
752,,Doggystyle,Snoop Doggy Dogg,1993
753,,Bubble & Scrape,Sebadoh,1993
754,,Giant Steps,The Boo Radleys,1993
755,,Strange Cargo III,William Orbit,1993
756,,Tical,Method Man,1994
757,,Teenager Of The Year,Frank Black,1994
758,,Venus Luxure No.1 Baby,Girls Against Boys,1993
759,,The Sun Rises In The East,Jeru The Damaja,1994
760,,"Crooked Rain, Crooked Rain",Pavement,1994
761,,Dummy,Portishead,1994
762,,Haunted Dancehall,The Sabres Of Paradise,1994
763,⭐,Illmatic,Nas,1994
764,,Ill Communication,Beastie Boys,1994
765,,Brutal Youth,Elvis Costello,1994
766,,Vauxhall And I,Morrissey,1994
767,,CrazySexyCool,TLC,1994
768,,Definitely Maybe,Oasis (2),1994
769,,Superunknown,Soundgarden,1994
770,,Smash,Offspring,1994
771,,Yank Crime,Drive Like Jehu,1994
772,,Parklife,Blur,1994
773,,G. Love And Special Sauce (self titled),G. Love And Special Sauce,1994
774,,Talking Timbuktu,Ali Farka Toure* With Ry Cooder,1994
775,,Live Through This,Hole (2),1994
776,,Protection,Massive Attack,1994
777,,The Holy Bible,Manic Street Preachers,1994
778,,Dog Man Star,Suede,1994
779,,Ready To Die,The Notorious B.I.G.,1994
780,,Grace,Jeff Buckley,1994
781,,Snivilisation,Orbital,1994
782,⭐,MTV Unplugged In New York,Nirvana,1994
783,,The Downward Spiral,Nine Inch Nails,1994
784,,Music For The Jilted Generation,The Prodigy,1994
785,⭐,Dookie,Green Day,1994
786,⭐,Foo Fighters (self titled),Foo Fighters,1995
787,,Garbage (self titled),Garbage,1995
788,,Smokers Delight,Nightmares On Wax,1995
789,,Maxinquaye,Tricky,1995
790,,Only Built 4 Cuban Linx...,Chef Raekwon* Guest Starring: Ghost Face Killer* A/K/A Tony Starks,1995
791,⭐,Mellon Collie And The Infinite Sadness,The Smashing Pumpkins,1995
792,,"Scream, Dracula, Scream!",Rocket From The Crypt,1995
793,,Exit Planet Dust,The Chemical Brothers,1995
794,,Me Against The World,2Pac,1995
795,,Elastica,Elastica (2),1995
796,,I Should Coco,Supergrass,1995
797,,The Bends,Radiohead,1995
798,,Alien Lanes,Guided By Voices,1995
799,,Femi Kuti (self titled),Femi Kuti,1995
800,,A Northern Soul,The Verve,1995
801,,Liquid Swords,Genius* / GZA,1995
802,,Different Class,Pulp,1995
803,,Leftism,Leftfield,1995
804,,Brown Sugar,D'Angelo,1995
805,,(What's The Story) Morning Glory?,Oasis (2),1995
806,,Timeless,Goldie,1995
807,⭐,Jagged Little Pill,Alanis Morissette,1995
808,,Dust,Screaming Trees,1996
809,,Fuzzy Logic,Super Furry Animals,1996
810,,Better Living Through Chemistry,Fatboy Slim,1996
811,,Dr. Octagon (self titled),Dr. Octagon,1996
812,,Emperor Tomato Ketchup,Stereolab,1996
813,,Millions Now Living Will Never Die,Tortoise,1996
814,,Odelay,Beck!,1996
815,,Tigermilk,Belle And Sebastian,1996
816,,Endtroducing.....,DJ Shadow,1996
817,,Beautiful Freak,Eels,1996
818,,Casanova,The Divine Comedy,1996
819,,Tidal,Fiona Apple,1996
820,,Being There,Wilco,1996
821,,Roots,Sepultura,1996
822,,Oedipus Schmoedipus,Barry Adamson,1996
823,,Come Find Yourself,Fun Lovin' Criminals,1996
824,,Maxwell's Urban Hang Suite,Maxwell,1996
825,,Tellin' Stories,The Charlatans,1997
826,,Everything Must Go,Manic Street Preachers,1996
827,,Walking Wounded,Everything But The Girl,1996
828,,Murder Ballads,Nick Cave And The Bad Seeds,1996
829,,Logical Progression,L.T.J Bukem,1996
830,,Second Toughest In The Infants,Underworld,1996
831,,Now I Got Worry,The Jon Spencer Blues Explosion,1996
832,,First Band On The Moon,The Cardigans,1996
833,,Antichrist Superstar,Marilyn Manson,1996
834,,The Score,Fugees,1996
835,,1977,Ash,1996
836,,If You're Feeling Sinister,Belle And Sebastian,1996
837,,Blur (self titled),Blur,1997
838,⭐,OK Computer,Radiohead,1997
839,,Maverick A Strike,Finley Quaye,1997
840,,Supa Dupa Fly,"Missy ""Misdemeanor"" Elliott",1997
841,,Dig Your Own Hole,The Chemical Brothers,1997
842,,Vanishing Point,Primal Scream,1997
843,,Shleep,Robert Wyatt,1997
844,,Lets Get Killed,David Holmes,1997
845,,Dig Me Out,Sleater-Kinney,1997
846,,The Fat Of The Land,Prodigy,1997
847,,Buena Vista Social Club (self titled),Buena Vista Social Club,1997
848,,The Boatman's Call,Nick Cave & The Bad Seeds,1997
849,,A Short Album About Love,The Divine Comedy,1997
850,,When I Was Born For The 7th Time,Cornershop,1997
851,,Homework,Daft Punk,1997
852,,Life Thru A Lens,Robbie Williams,1997
853,,Butterfly,Mariah Carey,1997
854,,In It For The Money,Supergrass,1997
855,,Time Out Of Mind,Bob Dylan,1997
856,,New Forms,Roni Size / Reprazent,1997
857,,Either / Or,Elliott Smith,1997
858,,Urban Hymns,The Verve,1997
859,,Ladies And Gentlemen We Are Floating In Space,Spiritualized®,1997
860,,...The Dandy Warhols Come Down,The Dandy Warhols,1997
861,,"Live 1966 (The ""Royal Albert Hall"" Concert)",Bob Dylan,1998
862,,Clandestino,Manu Chao,1998
863,,Mermaid Avenue,Billy Bragg & Wilco,1998
864,,Apocalypse Dudes,Turbonegro,1998
865,,"You've Come A Long Way, Baby",Fatboy Slim,1998
866,,White Ladder,David Gray,1998
867,,Car Wheels On A Gravel Road,Lucinda Williams,1998
868,,This Is Hardcore,Pulp,1998
869,,Ray Of Light,Madonna,1998
870,,The Miseducation Of Lauryn Hill,Lauryn Hill,1998
871,,Celebrity Skin,Hole (2),1998
872,,Deserter's Songs,Mercury Rev,1998
873,⭐,System Of A Down (self titled),System Of A Down,1998
874,,Queens Of The Stone Age (self titled),Queens Of The Stone Age,1998
875,,Moon Safari,AIR French Band,1998
876,,OK,Talvin Singh,1998
877,👍,Follow The Leader,Korn,1998
878,,Kenza,Khaled,1999
879,,Devil Without A Cause,Kid Rock,1998
880,,Music Has The Right To Children,Boards Of Canada,1998
881,,São Paulo Confessions,Suba,1999
882,,Apple Venus Volume 1,XTC,1999
883,,Post Orgasmic Chill,Skunk Anansie,1999
884,,Make Yourself,Incubus (2),1999
885,,69 Love Songs,The Magnetic Fields,1999
886,,The Man Who,Travis,1999
887,⭐,Slipknot (self titled),Slipknot,1999
888,,Central Reservation,Beth Orton,1999
889,,Beyond Skin,Nitin Sawhney,1999
890,,The Contino Sessions,Death In Vegas,1999
891,,Play,Moby,1999
892,,The Soft Bulletin,The Flaming Lips,1999
893,,Darkdancer,Les Rythmes Digitales,1999
894,,Le Tigre (self titled),Le Tigre,1999
895,,The Slim Shady LP,Eminem,1999
896,,...Baby One More Time,Britney Spears,1999
897,,S&M,Metallica With Michael Kamen Conducting The San Francisco Symphony Orchestra,1999
898,,I See A Darkness,Bonnie 'Prince' Billy,1998
899,,H.M.S. Fable,Shack (3),1999
900,,Remedy,Basement Jaxx,1999
901,⭐,Californication,Red Hot Chili Peppers,1999
902,,Ágætis Byrjun,Sigur Rós,1999
903,,Lost Souls,Doves,2000
904,,Original Motion Picture Score For The Virgin Suicides,AIR,2000
905,,Heartbreaker,Ryan Adams,2000
906,,Tanto Tempo,Bebel Gilberto,2000
907,,Sincere,MJ Cole,2000
908,,Red Dirt Girl,Emmylou Harris,2000
909,👍,Chocolate Starfish And The Hot Dog Flavored Water,Limp Bizkit,2000
910,,Kid A,Radiohead,2000
911,,All That You Can't Leave Behind,U2,2000
912,⭐,Hybrid Theory,Linkin Park,2000
913,,Figure 8,Elliott Smith,2000
914,,The Hour Of Bewilderbeast,Badly Drawn Boy,2000
915,,"Stories From The City, Stories From The Sea",P J Harvey,2000
916,,Mama's Gun,eryKahBadu,2000
917,,Parachutes,Coldplay,2000
918,,Like Water For Chocolate,Common,2000
919,,Welcome To The Afterfuture,Mike Ladd,2000
920,,Our Aim Is To Satisfy Red Snapper,Red Snapper,2000
921,,The Marshall Mathers LP,Eminem,2000
922,,Felt Mountain,Goldfrapp,2000
923,,Chore Of Enchantment,Giant Sand,2000
924,,Nixon,Lambchop,2000
925,,Punishing Kiss,Ute Lemper,2000
926,,Music,Madonna,2000
927,,Since I Left You,The Avalanches,2000
928,,Stankonia,OutKast,2000
929,,Amnesiac,Radiohead,2001
930,,Bright Flight,Silver Jews,2001
931,,Vespertine,Björk,2001
932,,Gorillaz (self titled),Gorillaz,2001
933,,Gold,Ryan Adams,2001
934,👍,Survivor,Destiny's Child,2001
935,,Is This It,The Strokes,2001
936,,Time (The Revelator),Gillian Welch,2001
937,,La Revancha Del Tango,Gotan Project,2001
938,,White Blood Cells,The White Stripes,2001
939,,Hot Shots II,The Beta Band,2001
940,,The Blueprint,Jay-Z,2001
941,,Melody A.M.,Röyksopp,2001
942,,Southern Rock Opera,Drive-By Truckers,2001
943,,Rings Around The World,Super Furry Animals,2001
944,,Power In Numbers,Jurassic 5,2002
945,,Yankee Hotel Foxtrot,Wilco,2002
946,,A Little Deeper,Ms. Dynamite,2002
947,,Sunshine Hit Me,The Bees,2002
948,,Come Away With Me,Norah Jones,2002
949,,A Rush Of Blood To The Head,Coldplay,2002
950,,The Coral (self titled),The Coral,2002
951,,American IV: The Man Comes Around,Johnny Cash,2002
952,,Yoshimi Battles The Pink Robots,The Flaming Lips,2002
953,,The Last Broadcast,Doves,2002
954,,Under Construction,Missy Elliott,2002
955,,The Rising,Bruce Springsteen,2002
956,,Stripped,Christina Aguilera,2002
957,👍,Phrenology,The Roots,2002
958,,Sea Change,Beck,2002
959,,Justified,Justin Timberlake,2002
960,,Highly Evolved,The Vines,2002
961,,Your New Favourite Band,The Hives,2002
962,,Hail To The Thief,Radiohead,2003
963,,Frank,Amy Winehouse,2003
964,,Feast Of Wire,Calexico,2002
965,,Permission To Land,The Darkness,2003
966,,Elephant,The White Stripes,2003
967,,Boy In Da Corner,Dizzee Rascal,2003
968,,Youth & Young Manhood,Kings Of Leon,2003
969,,So Much For The City,The Thrills,2003
970,,Fever To Tell,Yeah Yeah Yeahs,2003
971,,Speakerboxxx / The Love Below,OutKast,2003
972,,Get Rich Or Die Tryin',50 Cent,2003
973,,De-Loused In The Comatorium,The Mars Volta,2003
974,,Wonderful Rainbow,Lightning Bolt,2003
975,,Want One,Rufus Wainwright,2003
976,,Scissor Sisters (self titled),Scissor Sisters,2004
977,,You Are The Quarry,Morrissey,2004
978,,Medúlla,Björk,2004
979,,Destroy Rock & Roll,Mylo,2004
980,,Smile,Brian Wilson,2004
981,,Penance Soirée,The Icarus Line,2004
982,,Funeral,Arcade Fire,2004
983,,Rejoicing In The Hands,Devendra Banhart,2004
984,,Abattoir Blues / The Lyre Of Orpheus,Nick Cave & The Bad Seeds,2004
985,,Franz Ferdinand (self titled),Franz Ferdinand,2004
986,,Fly Or Die,N*E*R*D,2004
987,,Heroes To Zeros,The Beta Band,2004
988,,Street Signs,Ozomatli,2004
989,,The Libertines (self titled),The Libertines,2004
990,,The College Dropout,Kanye West,2004
991,,Cee-Lo Green... Is The Soul Machine,Cee-Lo Green,2004
992,,"Desperate Youth, Blood Thirsty Babes",TV On The Radio,2004
993,,"They Were Wrong, So We Drowned",Liars,2004
994,,A Grand Don't Come For Free,The Streets,2004
995,,Want Two,Rufus Wainwright,2004
996,,Who Killed...... The Zutons,The Zutons,2004
997,,Hot Fuss,The Killers,2004
998,,Aha Shake Heartbreak,Kings Of Leon,2004
999,,American Idiot,Green Day,2004
1000,,Arular,M.I.A. (2),2005
1001,,Guero,Beck,2005
1002,,Get Behind Me Satan,The White Stripes,2005
1003,,Be,Common,2005
1004,,Coles Corner,Richard Hawley,2005
1005,,I Am A Bird Now,Antony And The Johnsons,2005
1006,,Illinois,Sufjan Stevens,2005
1007,,Savane,Ali Farka Toure,2006
1008,,Black Holes & Revelations,Muse,2006
1009,,"Whatever People Say I Am, That's What I'm Not",Arctic Monkeys,2006
1010,,Back To Black,Amy Winehouse,2006
1011,,Lupe Fiasco's Food & Liquor,Lupe Fiasco,2006
1012,,Fishscale,Ghostface Killah,2006
1013,,Back To Basics,Christina Aguilera,2006
1014,,Ys,Joanna Newsom,2006
1015,,Neon Bible,Arcade Fire,2007
1016,,"The Good, The Bad & The Queen (self titled)","The Good, The Bad & The Queen",2007
1017,,Sound Of Silver,LCD Soundsystem,2007
1018,,In Rainbows,Radiohead,2007
1019,,Kala,MIA,2007
1020,,†,Justice (3),2007
1021,,Myths Of The Near Future,Klaxons,2007
1022,,Seventh Tree,Goldfrapp,2008
1023,,The Seldom Seen Kid,Elbow,2008
1024,,Third,Portishead,2008
1025,,All Hope Is Gone,Slipknot,2008
1026,,Dear Science,TV On The Radio,2008
1027,,Fleet Foxes (self titled),Fleet Foxes,2008
1028,,The Renaissance,Q-Tip,2008
1029,,Oracular Spectacular,MGMT,2007
1030,,Sometimes I Wish We Were An Eagle,Bill Callahan,2009
1031,,Only By The Night,Kings Of Leon,2008
1032,,The Age Of The Understatement,The Last Shadow Puppets,2008
1033,,Two Dancers,Wild Beasts,2009
1034,,Veckatimest,Grizzly Bear,2009
1035,,Fever Ray (self titled),Fever Ray,2009
1036,,Merriweather Post Pavilion,Animal Collective,2009
1037,,It's Blitz!,Yeah Yeah Yeahs,2009
1038,,Bitte Orca,Dirty Projectors,2009
1039,,xx,The XX,2009
1040,,High Violet,The National,2010
1041,,Teen Dream,Beach House,2010
1042,,Brothers,The Black Keys,2010
1043,,My Beautiful Dark Twisted Fantasy,Kanye West,2010
1044,,Queen Of Denmark,John Grant,2010
1045,,The ArchAndroid,Janelle Monáe,2010
1046,,Halcyon Digest,Deerhunter,2010
1047,,The Suburbs,Arcade Fire,2010
1048,,Let England Shake,PJ Harvey,2011
1049,,21,Adele (3),2011
1050,,D,White Denim,2011
1051,,"Good Kid, M.A.A.D City",Kendrick Lamar,2012
1052,,In Our Heads,Hot Chip,2012
1053,,Channel Orange,Frank Ocean,2012
1054,,Django Django (self titled),Django Django,2011
1055,,Blunderbuss,Jack White (2),2012
1056,,m b v,My Bloody Valentine,2013
1057,,The Next Day,David Bowie,2013
1058,,Yeezus,Kanye West,2013
1059,,The Bones Of What You Believe,Chvrches,2013
1060,,Beyoncé (self titled),Beyoncé,2014
1061,,1989,Taylor Swift,2014
1062,,LP1,FKA Twigs,2014
1063,,25,Adele (3),2015
1064,,Lost In The Dream,The War On Drugs,2014
1065,,Vulnicura,Björk,2015
1066,,Music In Exile,Songhoy Blues,2015
1067,,To Pimp A Butterfly,Kendrick Lamar,2015
1068,,★ (Blackstar),David Bowie,2016
1069,,You Want It Darker,Leonard Cohen,2016
1070,,I See You,The XX,2017
1071,,Konnichiwa,Skepta,2016
1072,,A Seat At The Table,Solange (2),2016
1073,,Modern Kosmology,Jane Weaver,2017
1074,,American Dream,LCD Soundsystem,2017
1075,,Melodrama,Lorde,2017
1076,,Drunk,Thundercat,2017
1077,,Take Me Apart,Kelela,2017
1078,,Ctrl,SZA (2),2017
1079,,Microshift,Hookworms,2018
1080,,Chris,Christine And The Queens,2018
1081,,Golden Hour,Kacey Musgraves,2018
1082,,Grey Area,Little Simz,2019
1083,,Kiwanuka,Michael Kiwanuka,2019
1084,,Ghosteen,Nick Cave And The Bad Seeds,2019
1085,,Fetch The Bolt Cutters,Fiona Apple,2020
1086,,Untitled (Black Is),Sault,2020
1087,,Evermore,Taylor Swift,2020
1088,,Chemtrails Over The Country Club,Lana Del Rey,2021
1089,,Heaux Tales,Jazmine Sullivan,2021